Timestamp,Peak_Occupancy
2026-07-18 20:39:13.084,0
2026-07-18 20:39:14.477,0
2026-07-18 20:39:14.643,1
2026-07-18 20:39:14.758,1
2026-07-18 20:39:14.919,1
2026-07-18 20:39:15.034,1
2026-07-18 20:39:15.105,1
2026-07-18 20:39:15.164,1
2026-07-18 20:39:15.223,1
2026-07-18 20:39:15.281,1
2026-07-18 20:39:15.340,1
2026-07-18 20:39:15.399,1
2026-07-18 20:39:15.458,1
2026-07-18 20:39:15.515,1
2026-07-18 20:39:15.573,1
2026-07-18 20:39:15.630,1
2026-07-18 20:39:15.690,1
2026-07-18 20:39:15.748,1
2026-07-18 20:39:15.804,1
2026-07-18 20:39:15.863,1
2026-07-18 20:39:15.922,1
2026-07-18 20:39:15.980,1
2026-07-18 20:39:16.039,1
2026-07-18 20:39:16.099,1
2026-07-18 20:39:16.158,1
2026-07-18 20:39:16.216,1
2026-07-18 20:39:16.276,1
2026-07-18 20:39:16.336,1
2026-07-18 20:39:16.396,1
2026-07-18 20:39:16.460,1
2026-07-18 20:39:16.521,1
2026-07-18 20:39:16.579,1
2026-07-18 20:39:16.640,1
2026-07-18 20:39:16.699,1
2026-07-18 20:39:16.758,1
2026-07-18 20:39:16.816,1
2026-07-18 20:39:16.876,1
2026-07-18 20:39:16.938,1
2026-07-18 20:39:16.997,1
2026-07-18 20:39:17.057,1
2026-07-18 20:39:17.118,1
2026-07-18 20:39:17.190,1
2026-07-18 20:39:17.254,1
2026-07-18 20:39:17.318,1
2026-07-18 20:39:17.381,1
2026-07-18 20:39:17.441,1
2026-07-18 20:39:17.501,1
2026-07-18 20:39:17.560,1
2026-07-18 20:39:17.620,1
2026-07-18 20:39:17.681,1
2026-07-18 20:39:17.743,1
2026-07-18 20:39:17.805,1
2026-07-18 20:39:17.868,1
2026-07-18 20:39:17.929,1
2026-07-18 20:39:17.990,1
2026-07-18 20:39:18.052,1
2026-07-18 20:39:18.115,1
2026-07-18 20:39:18.178,1
2026-07-18 20:39:18.237,1
2026-07-18 20:39:18.297,1
2026-07-18 20:39:18.357,1
2026-07-18 20:39:18.416,1
2026-07-18 20:39:18.476,1
2026-07-18 20:39:18.536,1
2026-07-18 20:39:18.596,1
2026-07-18 20:39:18.655,1
2026-07-18 20:39:18.712,1
2026-07-18 20:39:18.772,1
2026-07-18 20:39:18.831,1
2026-07-18 20:39:18.891,1
2026-07-18 20:39:18.951,1
2026-07-18 20:39:19.009,1
2026-07-18 20:39:19.071,1
2026-07-18 20:39:19.134,1
2026-07-18 20:39:19.194,1
2026-07-18 20:39:19.254,1
2026-07-18 20:39:19.312,1
2026-07-18 20:39:19.372,1
2026-07-18 20:39:19.431,1
2026-07-18 20:39:19.491,1
2026-07-18 20:39:19.550,1
2026-07-18 20:39:19.609,1
2026-07-18 20:39:19.670,1
2026-07-18 20:39:19.729,1
2026-07-18 20:39:19.788,1
2026-07-18 20:39:19.850,1
2026-07-18 20:39:19.911,1
2026-07-18 20:39:19.970,1
2026-07-18 20:39:20.030,1
2026-07-18 20:39:20.092,1
2026-07-18 20:39:20.152,1
2026-07-18 20:39:20.212,1
2026-07-18 20:39:20.275,1
2026-07-18 20:39:20.336,1
2026-07-18 20:39:20.396,1
2026-07-18 20:39:20.458,1
2026-07-18 20:39:20.517,1
2026-07-18 20:39:20.577,1
2026-07-18 20:39:20.637,1
2026-07-18 20:39:20.697,1
2026-07-18 20:39:20.757,1
2026-07-18 20:39:20.816,1
2026-07-18 20:39:20.876,1
2026-07-18 20:39:20.936,1
2026-07-18 20:39:20.994,1
2026-07-18 20:39:21.052,1
2026-07-18 20:39:21.112,1
2026-07-18 20:39:21.171,1
2026-07-18 20:39:21.231,1
2026-07-18 20:39:21.290,1
2026-07-18 20:39:21.350,1
2026-07-18 20:39:21.408,1
2026-07-18 20:39:21.468,1
2026-07-18 20:39:21.526,1
2026-07-18 20:39:21.584,1
2026-07-18 20:39:21.643,1
2026-07-18 20:39:21.702,1
2026-07-18 20:39:21.761,1
2026-07-18 20:39:21.818,1
2026-07-18 20:39:21.877,1
2026-07-18 20:39:21.937,1
2026-07-18 20:39:21.993,1
2026-07-18 20:39:22.050,1
2026-07-18 20:39:22.108,1
2026-07-18 20:39:22.165,1
2026-07-18 20:39:22.222,1
2026-07-18 20:39:22.280,1
2026-07-18 20:39:22.338,1
2026-07-18 20:39:22.395,1
2026-07-18 20:39:22.451,1
2026-07-18 20:39:22.507,1
2026-07-18 20:39:22.564,1
2026-07-18 20:39:22.619,1
2026-07-18 20:39:22.677,1
2026-07-18 20:39:22.735,1
2026-07-18 20:39:22.791,1
2026-07-18 20:39:22.848,1
2026-07-18 20:39:22.904,1
2026-07-18 20:39:22.962,1
2026-07-18 20:39:23.019,1
